ID,Type,Product Code,Name,Published,Is featured?,Visibility in catalog,Short description,Description,Date sale price starts,Date sale price ends,Tax status,Tax class,In stock?,Stock,Low stock amount,Backorders allowed?,Sold individually?,Weight (g),Length (cm),Width (cm),Height (cm),Allow customer reviews?,Purchase note,Sale price,Regular price,Categories,Tags,Shipping class,Images,Download limit,Download expiry days,Parent,Grouped products,Upsells,Cross-sells,External URL,Button text,Position,Attribute 1 name,Attribute 1 value(s),Attribute 1 visible,Attribute 1 global,Attribute 2 name,Attribute 2 value(s),Attribute 2 visible,Attribute 2 global,Attribute 3 name,Attribute 3 value(s),Attribute 3 visible,Attribute 3 global,Attribute 4 name,Attribute 4 value(s),Attribute 4 visible,Attribute 4 global,Meta: _last_editor_used_jetpack,Meta: _wp_page_template,Meta: pageview,Meta: _pos_visibility,Meta: making_charges,Meta: _making_charges,Meta: making_charges_discount,Meta: _making_charges_discount
,simple,GOM_BBS_1M-1000-1,Graceful Oddiyanam with Peacock Design,1,0,visible,"Enhance your elegance with the Graceful Oddiyanam, featuring a mesmerizing peacock design that symbolizes beauty and abundance, making it a perfect statement piece for any occasion. Embrace the regal allure of this exquisite waist belt, celebrating the grace and grandeur of Indian heritage.",Embrace grace and beauty with our Graceful Oddiyanam featuring a stunning peacock design. The intricate craftsmanship and elegant peacock motifs make this waist belt a perfect accessory for traditional occasions. Add a touch of charm and cultural richness to your ensemble with this exquisite piece of jewelry.,,,taxable,,1,100,,0,0,237.36,,,,1,,,,"All, All > Gold > Ottiyanam, All > Gold, Hot products, Hot products > New products",22kt,,"https://thiaworld.com/wp-content/uploads/2023/09/TW_GOM_BBS_1M-1.webp,https://thiaworld.com/wp-content/uploads/2023/09/TW_GOM_BBS_2M-1.webp,https://thiaworld.com/wp-content/uploads/2023/09/TW_GOM_BBS_3M-1.webp",,,,,,,,,0,Gold,22KT Gold,1,1,Value Added,23.80%,1,1,Discount,9.10%,1,1,GST,3%,1,1,,default,,,12,field_64388362b0faf,3.50%,field_643882cfb0fac
,simple,GOM_BBS_1M-1000-2,Peacock Feathers Ottiyanam,1,0,visible,"Channel the allure of peacock feathers with our exquisite Peacock Feathers Ottiyanam, a stunning waist adornment featuring intricately crafted peacock motifs that radiate grace and beauty, adding a touch of regal splendor to your traditional attire. Elevate your look with this timeless piece that captures the captivating charm of peacocks, symbolizing joy, prosperity, and enchantment in Indian culture.","Add a touch of elegance to your traditional look with this Peacock Feathers Ottiyanam. Crafted with intricate detailing, this piece is a perfect choice to elevate your style quotient.",,,taxable,,1,100,,0,0,145.63,,,,1,,,,"All, All > Gold > Ottiyanam, All > Gold, Hot products, Hot products > New products",22kt,,"https://thiaworld.com/wp-content/uploads/2023/09/TW_GOM_BBS_1M-2.webp,https://thiaworld.com/wp-content/uploads/2023/09/TW_GOM_BBS_2M-2.webp,https://thiaworld.com/wp-content/uploads/2023/09/TW_GOM_BBS_3M-2.webp",,,,,,,,,0,Gold,22KT Gold,1,1,Value Added,23.80%,1,1,Discount,9.10%,1,1,GST,3%,1,1,,default,,,12,field_64388362b0faf,,field_643882cfb0fac
,simple,GOM_BBS_1M-1000-3,Majestic Mayuri Ottiyanam,1,0,visible,"Make a regal statement with this Majestic Mayuri Ottiyanam, adorned with intricate details and exquisite craftsmanship.","Adorn yourself with the regal beauty of the majestic peacock, symbolizing grace, pride, and joy with this stunning Majestic Mayuri Ottiyanam. Elevate your traditional attire with this exquisitely crafted piece of jewelry, perfect for festive occasions and weddings.",,,taxable,,1,100,,0,0,201.14,,,,1,,,,"All, All > Gold > Ottiyanam, All > Gold, Hot products, Hot products > New products",22kt,,"https://thiaworld.com/wp-content/uploads/2023/09/TW_GOM_BBS_1M-3.webp,https://thiaworld.com/wp-content/uploads/2023/09/TW_GOM_BBS_2M-3.webp,https://thiaworld.com/wp-content/uploads/2023/09/TW_GOM_BBS_3M-3.webp",,,,,,,,,0,Gold,22KT Gold,1,1,Value Added,23.80%,1,1,Discount,9.10%,1,1,GST,3%,1,1,,default,,,12,field_64388362b0faf,,field_643882cfb0fac
,simple,GOM_BBS_1M-1000-4,Krishna's Flute Ottiyanam,1,0,visible,"Embrace the divine melody of Lord Krishna's Flute Ottiyanam, an enchanting waist accessory adorned with intricate flute motifs, symbolizing love and harmony, enhancing your traditional look with a touch of celestial elegance and timeless beauty. Let the ethereal allure of this piece transport you to the divine realm, capturing the essence of Krishna's enchanting music and bringing a sense of spiritual serenity to your ensemble.",Krishna's Flute Ottiyanam is a traditional South Indian waist belt inspired by Lord Krishna's musical instrument; it is designed with intricate craftsmanship to enhance the wearer's beauty and elegance.,,,taxable,,1,100,,0,0,209.19,,,,1,,,,"All, All > Gold > Ottiyanam, All > Gold, Hot products, Hot products > New products",22kt,,"https://thiaworld.com/wp-content/uploads/2023/09/TW_GOM_BBS_1M-4.webp,https://thiaworld.com/wp-content/uploads/2023/09/TW_GOM_BBS_2M-4.webp,https://thiaworld.com/wp-content/uploads/2023/09/TW_GOM_BBS_3M-4.webp",,,,,,,,,0,Gold,22KT Gold,1,1,Value Added,23.80%,1,1,Discount,9.10%,1,1,GST,3%,1,1,,default,,,12,field_64388362b0faf,,field_643882cfb0fac
,simple,GOM_BBS_1M-1000-5,Ravishing Traditional Ottiyanam,1,0,visible,"Enhance your traditional elegance with the Ravishing Traditional Ottiyanam, a masterpiece of intricate craftsmanship and regal allure, designed to accentuate your waist and complement your ethnic attire with timeless charm, making you the center of attention at any occasion or celebration. Embrace the rich cultural heritage and royal splendor embodied in this ottiyanam, creating a captivating and unforgettable statement of grace and sophistication.","A ravishing traditional ottiyanam is an exquisite piece of jewelry that is perfect for weddings or special occasions. With intricate detailing and a regal appearance, this accessory adds a touch of elegance and sophistication to any ensemble.",,,taxable,,1,100,,0,0,164.59,,,,1,,,,"All, All > Gold > Ottiyanam, All > Gold, Hot products, Hot products > New products",22kt,,"https://thiaworld.com/wp-content/uploads/2023/09/TW_GOM_BBS_1M-5.webp,https://thiaworld.com/wp-content/uploads/2023/09/TW_GOM_BBS_2M-5.webp,https://thiaworld.com/wp-content/uploads/2023/09/TW_GOM_BBS_3M-5.webp",,,,,,,,,0,Gold,22KT Gold,1,1,Value Added,23.80%,1,1,Discount,9.10%,1,1,GST,3%,1,1,,default,,,12,field_64388362b0faf,,field_643882cfb0fac
,simple,GOM_BBS_1M-1000-6,Vaishnavi Divine Ottiyanam,1,0,visible,"Adorn yourself with the ethereal beauty of the Vaishnavi Divine Ottiyanam, a celestial masterpiece featuring divine motifs that exude grace and spirituality, elevating your traditional ensemble to a celestial realm of elegance and reverence. Embrace the intricate craftsmanship and sacred symbolism of this ottiyanam, paying homage to timeless traditions while radiating an aura of divinity and charm at every auspicious occasion.","This Vaishnavi Divine Ottiyanam is a beautifully crafted piece that exudes elegance and grace, perfect for adding a touch of divine charm to any traditional outfit. With intricate detailing and a stunning design, it is sure to be a treasured addition to any jewelry collection.",,,taxable,,1,100,,0,0,116.12,,,,1,,,,"All, All > Gold > Ottiyanam, All > Gold, Hot products, Hot products > New products",22kt,,"https://thiaworld.com/wp-content/uploads/2023/09/TW_GOM_BBS_1M-6.webp,https://thiaworld.com/wp-content/uploads/2023/09/TW_GOM_BBS_2M-6.webp,https://thiaworld.com/wp-content/uploads/2023/09/TW_GOM_BBS_3M-6.webp",,,,,,,,,0,Gold,22KT Gold,1,1,Value Added,23.80%,1,1,Discount,9.10%,1,1,GST,3%,1,1,,default,,,12,field_64388362b0faf,,field_643882cfb0fac
,simple,GOM_BBS_1M-1000-7,Lakshmi's Blessing Ottiyanam,1,0,visible,"Evoke the blessings of Goddess Lakshmi with the exquisitely crafted Lakshmi's Blessing Ottiyanam, adorned with sacred symbols and intricate details, symbolizing wealth and prosperity. Enhance your bridal ensemble or traditional attire with this divine piece, embodying the essence of abundance and grace, making you the epitome of timeless beauty and blessings at any auspicious event.","Lakshmi's Blessing Ottiyanam is a traditional waist belt adorned with intricate designs of the goddess of wealth and prosperity, Lakshmi, symbolizing blessings and good fortune.",,,taxable,,1,100,,0,0,95.42,,,,1,,,,"All, All > Gold > Ottiyanam, All > Gold, Hot products, Hot products > New products",22kt,,"https://thiaworld.com/wp-content/uploads/2023/09/TW_GOM_BBS_1M-7.webp,https://thiaworld.com/wp-content/uploads/2023/09/TW_GOM_BBS_2M-7.webp,https://thiaworld.com/wp-content/uploads/2023/09/TW_GOM_BBS_3M-7.webp",,,,,,,,,0,Gold,22KT Gold,1,1,Value Added,23.80%,1,1,Discount,9.10%,1,1,GST,3%,1,1,,default,,,12,field_64388362b0faf,,field_643882cfb0fac
,simple,GOM_BBS_1M-1000-8,Antique Lakshmi Ottiyanam,1,0,visible,"Add a touch of vintage charm to your traditional look with this Antique Lakshmi Ottiyanam, featuring intricate details and exquisite craftsmanship.",Antique Lakshmi Ottiyanam is a traditional South Indian waist jewelry that exudes timeless charm and is designed to showcase the intricate craftsmanship of ancient India.,,,taxable,,1,100,,0,0,93.98,,,,1,,,,"All, All > Gold > Ottiyanam, All > Gold, Hot products, Hot products > New products",22kt,,"https://thiaworld.com/wp-content/uploads/2023/09/TW_GOM_BBS_1M-8.webp,https://thiaworld.com/wp-content/uploads/2023/09/TW_GOM_BBS_2M-8.webp,https://thiaworld.com/wp-content/uploads/2023/09/TW_GOM_BBS_3M-8.webp",,,,,,,,,0,Gold,22KT Gold,1,1,Value Added,23.80%,1,1,Discount,9.10%,1,1,GST,3%,1,1,,default,,,12,field_64388362b0faf,,field_643882cfb0fac
,simple,GOM_BBS_1M-1000-9,Golden Goddess Ottiyanam,1,0,visible,"Embrace your inner goddess with this exquisite Golden Goddess Ottiyanam, featuring intricate detailing and a regal design.","Adorn yourself with this Golden Goddess Ottiyanam, featuring intricate craftsmanship and divine design that adds a touch of royalty to any traditional attire.",,,taxable,,1,100,,0,0,111.12,,,,1,,,,"All, All > Gold > Ottiyanam, All > Gold, Hot products, Hot products > New products",22kt,,"https://thiaworld.com/wp-content/uploads/2023/09/TW_GOM_BBS_1M-9.webp,https://thiaworld.com/wp-content/uploads/2023/09/TW_GOM_BBS_2M-9.webp,https://thiaworld.com/wp-content/uploads/2023/09/TW_GOM_BBS_3M-9.webp",,,,,,,,,0,Gold,22KT Gold,1,1,Value Added,23.80%,1,1,Discount,9.10%,1,1,GST,3%,1,1,,default,,,12,field_64388362b0faf,,field_643882cfb0fac
,simple,GOM_BBS_1M-1000-10,Pretty Peacock Ottiyanam,1,0,visible,"Make a statement with this enchanting Pretty Peacock Ottiyanam, featuring intricate detailing and a bold design inspired by the beauty of the peacock.","This pretty peacock Ottiyanam is a stunning piece of traditional Indian jewelry that exudes elegance and grace. With intricate details and sparkling embellishments, it's sure to be a showstopper at any event.",,,taxable,,1,100,,0,0,179.95,,,,1,,,,"All, All > Gold > Ottiyanam, All > Gold, Hot products, Hot products > New products",22kt,,"https://thiaworld.com/wp-content/uploads/2023/09/TW_GOM_BBS_1M-10.webp,https://thiaworld.com/wp-content/uploads/2023/09/TW_GOM_BBS_2M-10.webp,https://thiaworld.com/wp-content/uploads/2023/09/TW_GOM_BBS_3M-10.webp",,,,,,,,,0,Gold,22KT Gold,1,1,Value Added,23.80%,1,1,Discount,9.10%,1,1,GST,3%,1,1,,default,,,12,field_64388362b0faf,,field_643882cfb0fac
,simple,GOM_BBS_1M-1000-11,Classical Beauty Ottiyanam,1,0,visible,"Add a touch of timeless elegance to your traditional look with this stunning Classical Beauty Ottiyanam, featuring intricate detailing and a classic design.",A classical beauty Ottiyanam is a traditional South Indian waist belt that exudes timeless elegance and adds a touch of grace to any outfit.,,,taxable,,1,100,,0,0,131.95,,,,1,,,,"All, All > Gold > Ottiyanam, All > Gold, Hot products, Hot products > New products",22kt,,"https://thiaworld.com/wp-content/uploads/2023/09/TW_GOM_BBS_1M-11.webp,https://thiaworld.com/wp-content/uploads/2023/09/TW_GOM_BBS_2M-11.webp,https://thiaworld.com/wp-content/uploads/2023/09/TW_GOM_BBS_3M-11.webp",,,,,,,,,0,Gold,22KT Gold,1,1,Value Added,23.70%,1,1,Discount,9.30%,1,1,GST,3%,1,1,,default,,,12,field_64388362b0faf,,field_643882cfb0fac
,simple,GOM_BBS_1M-1000-12,Heavenly Adornments Ottiyanam,1,0,visible,"Adorn yourself with this exquisite Heavenly Adornments set, featuring intricate detailing and a divine design.","Add a touch of divine elegance to your traditional look with this stunning Heavenly Adornments set, featuring intricate detailing and a divine design.",,,taxable,,1,100,,0,0,251.43,,,,1,,,,"All, All > Gold > Ottiyanam, All > Gold, Hot products, Hot products > New products",22kt,,"https://thiaworld.com/wp-content/uploads/2023/09/TW_GOM_BBS_1M-12.webp,https://thiaworld.com/wp-content/uploads/2023/09/TW_GOM_BBS_2M-12.webp,https://thiaworld.com/wp-content/uploads/2023/09/TW_GOM_BBS_3M-12.webp",,,,,,,,,0,Gold,22KT Gold,1,1,Value Added,23.70%,1,1,Discount,9.30%,1,1,GST,3%,1,1,,default,,,12,field_64388362b0faf,,field_643882cfb0fac
,simple,GOM_BBS_1M-1000-13,Divine Aura Ottiyanam,1,0,visible,"Embrace the divine with this exquisite Divine Aura set, featuring intricate carvings and a regal design.","Meta Description: Add a touch of divine elegance to your traditional attire with our exquisite Divine Aura Ottiyanam, featuring intricate detailing and a stunning design that will leave you mesmerized.",,,taxable,,1,100,,0,0,208.16,,,,1,,,,"All, All > Gold > Ottiyanam, All > Gold, Hot products, Hot products > New products",22kt,,"https://thiaworld.com/wp-content/uploads/2023/09/TW_GOM_BBS_1M-13.webp,https://thiaworld.com/wp-content/uploads/2023/09/TW_GOM_BBS_2M-13.webp,https://thiaworld.com/wp-content/uploads/2023/09/TW_GOM_BBS_3M-13.webp",,,,,,,,,0,Gold,22KT Gold,1,1,Value Added,23.70%,1,1,Discount,9.30%,1,1,GST,3%,1,1,,default,,,12,field_64388362b0faf,,field_643882cfb0fac
,simple,GOM_BBS_1M-1000-14,Trendy Chic Ottiyanam,1,0,visible,"Stay on trend with this stunning Trendy Chic set, featuring a contemporary design and exquisite detailing.","Add a touch of contemporary elegance to your traditional look with this stunning Trendy Chic set, featuring exquisite detailing and a contemporary design. ",,,taxable,,1,100,,0,0,194.2,,,,1,,,,"All, All > Gold > Ottiyanam, All > Gold, Hot products, Hot products > New products",22kt,,"https://thiaworld.com/wp-content/uploads/2023/09/TW_GOM_BBS_1M-14.webp,https://thiaworld.com/wp-content/uploads/2023/09/TW_GOM_BBS_2M-14.webp,https://thiaworld.com/wp-content/uploads/2023/09/TW_GOM_BBS_3M-14.webp",,,,,,,,,0,Gold,22KT Gold,1,1,Value Added,23.70%,1,1,Discount,9.30%,1,1,GST,3%,1,1,,default,,,12,field_64388362b0faf,,field_643882cfb0fac
,simple,GOM_BBS_1M-1000-15,Classic Attraction Ottiyanam,1,0,visible,"Add a touch of classic beauty with this stunning Classic Attraction set, featuring intricate detailing and a timeless design.","This Classic Attraction Ottiyanam exudes timeless elegance with its intricate design and flawless craftsmanship, making it a perfect accessory for any traditional occasion. Add a touch of vintage charm to your attire with this captivating piece of jewelry.",,,taxable,,1,100,,0,0,213.51,,,,1,,,,"All, All > Gold > Ottiyanam, All > Gold, Hot products, Hot products > New products",22kt,,"https://thiaworld.com/wp-content/uploads/2023/09/TW_GOM_BBS_1M-15.webp,https://thiaworld.com/wp-content/uploads/2023/09/TW_GOM_BBS_2M-15.webp,https://thiaworld.com/wp-content/uploads/2023/09/TW_GOM_BBS_3M-15.webp",,,,,,,,,0,Gold,22KT Gold,1,1,Value Added,23.70%,1,1,Discount,9.30%,1,1,GST,3%,1,1,,default,,,12,field_64388362b0faf,,field_643882cfb0fac
,simple,GOM_BBS_1M-1000-16,Vintage Charm Ottiyanam,1,0,visible,"Embrace vintage elegance with this stunning Vintage Charm set, featuring intricate detailing and a classic design.","Add a touch of elegance to your traditional Indian attire with the Vintage Charm Ottiyanam, featuring a timeless design that exudes old-world charm and sophistication, making it a must-have accessory for any special occasion.",,,taxable,,1,100,,0,0,233.88,,,,1,,,,"All, All > Gold > Ottiyanam, All > Gold, Hot products, Hot products > New products",22kt,,"https://thiaworld.com/wp-content/uploads/2023/09/TW_GOM_BBS_1M-16.webp,https://thiaworld.com/wp-content/uploads/2023/09/TW_GOM_BBS_2M-16.webp,https://thiaworld.com/wp-content/uploads/2023/09/TW_GOM_BBS_3M-16.webp",,,,,,,,,0,Gold,22KT Gold,1,1,Value Added,23.70%,1,1,Discount,9.30%,1,1,GST,3%,1,1,,default,,,12,field_64388362b0faf,,field_643882cfb0fac
,simple,GOM_BBS_1M-1000-17,Charming Poise Ottiyanam,1,0,visible,"Add a touch of charming elegance with this stunning Charming Poise set, featuring intricate detailing and a timeless design.","Adorn yourself with the Charming Poise Ottiyanam, a beautiful piece of jewelry that exudes sophistication and grace with its intricate design and delicate detailing, making it the perfect accessory to complement any traditional Indian outfit.",,,taxable,,1,100,,0,0,145.5,,,,1,,,,"All, All > Gold > Ottiyanam, All > Gold, Hot products, Hot products > New products",22kt,,"https://thiaworld.com/wp-content/uploads/2023/09/TW_GOM_BBS_1M-17.webp,https://thiaworld.com/wp-content/uploads/2023/09/TW_GOM_BBS_2M-17.webp,https://thiaworld.com/wp-content/uploads/2023/09/TW_GOM_BBS_3M-17.webp",,,,,,,,,0,Gold,22KT Gold,1,1,Value Added,23.70%,1,1,Discount,9.30%,1,1,GST,3%,1,1,,default,,,12,field_64388362b0faf,,field_643882cfb0fac
,simple,GOM_BBS_1M-1000-18,Peacock Feather Charm Ottiyanam,1,0,visible,"Add a touch of exotic beauty with this stunning Peacock Feather Charm, featuring intricate detailing and a unique design inspired by the beauty of the peacock.","Elevate your traditional look with this stunning Peacock Feather Charm, featuring intricate detailing and a unique design inspired by the beauty of the peacock. ",,,taxable,,1,100,,0,0,214.14,,,,1,,,,"All, All > Gold > Ottiyanam, All > Gold, Hot products, Hot products > New products",22kt,,"https://thiaworld.com/wp-content/uploads/2023/09/TW_GOM_BBS_1M-18.webp,https://thiaworld.com/wp-content/uploads/2023/09/TW_GOM_BBS_2M-18.webp,https://thiaworld.com/wp-content/uploads/2023/09/TW_GOM_BBS_3M-18.webp",,,,,,,,,0,Gold,22KT Gold,1,1,Value Added,23.70%,1,1,Discount,9.30%,1,1,GST,3%,1,1,,default,,,12,field_64388362b0faf,,field_643882cfb0fac
,simple,GOM_BBS_1M-1000-19,Spiritual Bliss Ottiyanam,1,0,visible,"Embrace the divine with this exquisite Spiritual Bliss set, featuring intricate carvings and a regal design.","Add a touch of divine elegance to your traditional look with this stunning Spiritual Bliss set, featuring intricate carvings and a regal design. ",,,taxable,,1,100,,0,0,177.5,,,,1,,,,"All, All > Gold > Ottiyanam, All > Gold, Hot products, Hot products > New products",22kt,,"https://thiaworld.com/wp-content/uploads/2023/09/TW_GOM_BBS_1M-19.webp,https://thiaworld.com/wp-content/uploads/2023/09/TW_GOM_BBS_2M-19.webp,https://thiaworld.com/wp-content/uploads/2023/09/TW_GOM_BBS_3M-19.webp",,,,,,,,,0,Gold,22KT Gold,1,1,Value Added,23.70%,1,1,Discount,9.30%,1,1,GST,3%,1,1,,default,,,12,field_64388362b0faf,,field_643882cfb0fac
,simple,GOM_BBS_1M-1000-20,Antique Treasures Ottiyanam,1,0,visible,"Add a touch of vintage elegance with this stunning Antique Treasures set, featuring intricate detailing and a classic design.","Discover the antique treasures of the Ottiyanam, featuring an intricately designed piece of jewelry that embodies the beauty and elegance of traditional Indian craftsmanship, with its vintage-inspired look and exquisite detailing that makes it a perfect accessory for any formal occasion.",,,taxable,,1,100,,0,0,176.64,,,,1,,,,"All, All > Gold > Ottiyanam, All > Gold, Hot products, Hot products > New products",22kt,,"https://thiaworld.com/wp-content/uploads/2023/09/TW_GOM_BBS_1M-20.webp,https://thiaworld.com/wp-content/uploads/2023/09/TW_GOM_BBS_2M-20.webp,https://thiaworld.com/wp-content/uploads/2023/09/TW_GOM_BBS_3M-20.webp",,,,,,,,,0,Gold,22KT Gold,1,1,Value Added,23.70%,1,1,Discount,8.30%,1,1,GST,3%,1,1,,default,,,12,field_64388362b0faf,,field_643882cfb0fac
,simple,GOM_BBS_1M-1000-21,Perpetual Charm Ottiyanam,1,0,visible,"Add a touch of timeless elegance with this stunning Perpetual Charm set, featuring intricate detailing and a classic design.","Enhance your traditional look with the perpetual charm of the Ottiyanam, featuring a classic design with intricate gold work and a timeless appeal that exudes elegance and sophistication, making it the perfect accessory to complete any ethnic ensemble.",,,taxable,,1,100,,0,0,198.63,,,,1,,,,"All, All > Gold > Ottiyanam, All > Gold, Hot products, Hot products > New products",22kt,,"https://thiaworld.com/wp-content/uploads/2023/09/TW_GOM_BBS_1M-21.webp,https://thiaworld.com/wp-content/uploads/2023/09/TW_GOM_BBS_2M-21.webp,https://thiaworld.com/wp-content/uploads/2023/09/TW_GOM_BBS_3M-21.webp",,,,,,,,,0,Gold,22KT Gold,1,1,Value Added,23.90%,1,1,Discount,9.20%,1,1,GST,3%,1,1,,default,,,12,field_64388362b0faf,,field_643882cfb0fac
,simple,GOM_BBS_1M-1000-22,Captivating Glamour Ottiyanam,1,0,visible,"Make a statement with this enchanting Captivating Glamour set, featuring intricate detailing and a bold design.","Exude captivating glamour with the Ottiyanam, featuring a stunning design with intricate gold detailing and shimmering stones that add a touch of sparkle and sophistication to your ethnic attire, making it the perfect accessory for any special occasion.",,,taxable,,1,100,,0,0,246.0,,,,1,,,,"All, All > Gold > Ottiyanam, All > Gold, Hot products, Hot products > New products",22kt,,"https://thiaworld.com/wp-content/uploads/2023/09/TW_GOM_BBS_1M-22.webp,https://thiaworld.com/wp-content/uploads/2023/09/TW_GOM_BBS_2M-22.webp,https://thiaworld.com/wp-content/uploads/2023/09/TW_GOM_BBS_3M-22.webp",,,,,,,,,0,Gold,22KT Gold,1,1,Value Added,23.90%,1,1,Discount,9.20%,1,1,GST,3%,1,1,,default,,,12,field_64388362b0faf,,field_643882cfb0fac
,simple,GOM_BBS_1M-1000-23,Kamala Lakshmi Ottiyanam,1,0,visible,"Embrace the blessings of Lakshmi with this exquisite Kamala Lakshmi Waistband, featuring intricate carvings and a divine design.","Add a touch of divine elegance to your traditional look with this stunning Kamala Lakshmi Waistband, featuring intricate carvings and a divine design. ",,,taxable,,1,100,,0,0,160.33,,,,1,,,,"All, All > Gold > Ottiyanam, All > Gold, Hot products, Hot products > New products",22kt,,"https://thiaworld.com/wp-content/uploads/2023/09/TW_GOM_BBS_1M-23.webp,https://thiaworld.com/wp-content/uploads/2023/09/TW_GOM_BBS_2M-23.webp,https://thiaworld.com/wp-content/uploads/2023/09/TW_GOM_BBS_3M-23.webp",,,,,,,,,0,Gold,22KT Gold,1,1,Value Added,23.90%,1,1,Discount,9.20%,1,1,GST,3%,1,1,,default,,,12,field_64388362b0faf,,field_643882cfb0fac
,simple,GOM_BBS_1M-1000-24,Artistic Finesse Ottiyanam,1,0,visible,"Add a touch of artistic elegance with this stunning Artistic Finesse set, featuring intricate detailing and a unique design.","Elevate your traditional look with this stunning Artistic Finesse set, featuring intricate detailing and a unique design. ",,,taxable,,1,100,,0,0,168.8,,,,1,,,,"All, All > Gold > Ottiyanam, All > Gold, Hot products, Hot products > New products",22kt,,"https://thiaworld.com/wp-content/uploads/2023/09/TW_GOM_BBS_1M-24.webp,https://thiaworld.com/wp-content/uploads/2023/09/TW_GOM_BBS_2M-24.webp,https://thiaworld.com/wp-content/uploads/2023/09/TW_GOM_BBS_3M-24.webp",,,,,,,,,0,Gold,22KT Gold,1,1,Value Added,23.90%,1,1,Discount,9.20%,1,1,GST,3%,1,1,,default,,,12,field_64388362b0faf,,field_643882cfb0fac
,simple,GOM_BBS_1M-1000-25,Ageless Sophistication Ottiyanam,1,0,visible,"Add a touch of ageless sophistication with this stunning Ageless Sophistication set, featuring intricate detailing and a timeless design.","Add a touch of ageless sophistication to your ethnic look with the Ottiyanam, featuring a timeless design with intricate gold detailing and a classic look that exudes elegance and charm, making it the perfect accessory for any special occasion.",,,taxable,,1,100,,0,0,197.0,,,,1,,,,"All, All > Gold > Ottiyanam, All > Gold, Hot products, Hot products > New products",22kt,,"https://thiaworld.com/wp-content/uploads/2023/09/TW_GOM_BBS_1M-25.webp,https://thiaworld.com/wp-content/uploads/2023/09/TW_GOM_BBS_2M-25.webp,https://thiaworld.com/wp-content/uploads/2023/09/TW_GOM_BBS_3M-25.webp",,,,,,,,,0,Gold,22KT Gold,1,1,Value Added,23.90%,1,1,Discount,9.20%,1,1,GST,3%,1,1,,default,,,12,field_64388362b0faf,,field_643882cfb0fac
,simple,GOM_BBS_1M-1000-26,Enthralling Allure Ottiyanam,1,0,visible,This antique waistband exudes an irresistible charm that will leave you mesmerized.,"Experience the enthralling allure of the Ottiyanam, featuring a stunning design with intricate gold detailing and shimmering stones that exudes sophistication and glamour, making it the perfect accessory to elevate your ethnic attire for any special occasion.",,,taxable,,1,100,,0,0,196.95,,,,1,,,,"All, All > Gold > Ottiyanam, All > Gold, Hot products, Hot products > New products",22kt,,"https://thiaworld.com/wp-content/uploads/2023/09/TW_GOM_BBS_1M-26.webp,https://thiaworld.com/wp-content/uploads/2023/09/TW_GOM_BBS_2M-26.webp,https://thiaworld.com/wp-content/uploads/2023/09/TW_GOM_BBS_3M-26.webp",,,,,,,,,0,Gold,22KT Gold,1,1,Value Added,23.90%,1,1,Discount,9.20%,1,1,GST,3%,1,1,,default,,,12,field_64388362b0faf,,field_643882cfb0fac
,simple,GOM_BBS_1M-1000-27,Enchanting Antique Ottiyanam,1,0,visible,This captivating waistband showcases the intricate craftsmanship of traditional Indian jewelry.,"Experience the enchanting beauty of antique Indian jewelry with the Antique Ottiyanam, featuring intricate gold detailing and a stunning design that exudes sophistication and elegance, making it the perfect addition to your traditional Indian jewelry collection.",,,taxable,,1,100,,0,0,249.85,,,,1,,,,"All, All > Gold > Ottiyanam, All > Gold, Hot products, Hot products > New products",22kt,,"https://thiaworld.com/wp-content/uploads/2023/09/TW_GOM_BBS_1M-27.webp,https://thiaworld.com/wp-content/uploads/2023/09/TW_GOM_BBS_2M-27.webp,https://thiaworld.com/wp-content/uploads/2023/09/TW_GOM_BBS_3M-27.webp",,,,,,,,,0,Gold,22KT Gold,1,1,Value Added,23.90%,1,1,Discount,9.20%,1,1,GST,3%,1,1,,default,,,12,field_64388362b0faf,,field_643882cfb0fac
,simple,GOM_BBS_1M-1000-28,Rustic Glamour Ottiyanam,1,0,visible,Rustic Glamour: Adorn yourself with this stunning waistband that exudes a rustic and vintage charm.,"Add a touch of rustic glamour to your ethnic look with the Ottiyanam, featuring a stunning design with intricate gold craftsmanship and a rustic finish that exudes charm and sophistication, making it the perfect accessory for any special occasion.",,,taxable,,1,100,,0,0,108.39,,,,1,,,,"All, All > Gold > Ottiyanam, All > Gold, Hot products, Hot products > New products",22kt,,"https://thiaworld.com/wp-content/uploads/2023/09/TW_GOM_BBS_1M-28.webp,https://thiaworld.com/wp-content/uploads/2023/09/TW_GOM_BBS_2M-28.webp,https://thiaworld.com/wp-content/uploads/2023/09/TW_GOM_BBS_3M-28.webp",,,,,,,,,0,Gold,22KT Gold,1,1,Value Added,23.90%,1,1,Discount,9.20%,1,1,GST,3%,1,1,,default,,,12,field_64388362b0faf,,field_643882cfb0fac
,simple,GOM_BBS_1M-1000-29,Flawless Craftsmanship Ottiyanam,1,0,visible,Flawless Craftsmanship: This exquisite waistband showcases the flawless craftsmanship of skilled artisans.,"Experience flawless craftsmanship with the Ottiyanam, featuring intricate gold detailing and a stunning design that exudes sophistication and elegance, making it the perfect addition to your traditional Indian jewelry collection.",,,taxable,,1,100,,0,0,189.4,,,,1,,,,"All, All > Gold > Ottiyanam, All > Gold, Hot products, Hot products > New products",22kt,,"https://thiaworld.com/wp-content/uploads/2023/09/TW_GOM_BBS_1M-29.webp,https://thiaworld.com/wp-content/uploads/2023/09/TW_GOM_BBS_2M-29.webp,https://thiaworld.com/wp-content/uploads/2023/09/TW_GOM_BBS_3M-29.webp",,,,,,,,,0,Gold,22KT Gold,1,1,Value Added,23.90%,1,1,Discount,9.20%,1,1,GST,3%,1,1,,default,,,12,field_64388362b0faf,,field_643882cfb0fac
,simple,GOM_BBS_1M-1000-30,Classic Charm Ottiyanam,1,0,visible,Classic Charm: Add a touch of classic charm to your attire with this beautiful Lakshmi waistband.,"Embrace the classic charm of traditional Indian jewelry with the Classic Charm Ottiyanam, featuring a stunning design with intricate gold detailing and a touch of shimmering stones that add a timeless elegance to your ethnic attire.",,,taxable,,1,100,,0,0,237.28,,,,1,,,,"All, All > Gold > Ottiyanam, All > Gold, Hot products, Hot products > New products",22kt,,"https://thiaworld.com/wp-content/uploads/2023/09/TW_GOM_BBS_1M-30.webp,https://thiaworld.com/wp-content/uploads/2023/09/TW_GOM_BBS_2M-30.webp,https://thiaworld.com/wp-content/uploads/2023/09/TW_GOM_BBS_3M-30.webp",,,,,,,,,0,Gold,22KT Gold,1,1,Value Added,23.90%,1,1,Discount,9.20%,1,1,GST,3%,1,1,,default,,,12,field_64388362b0faf,,field_643882cfb0fac
,simple,GOM_BBS_1M-1000-31,Captivating Elegance Ottiyanam,1,0,visible,Captivating Elegance: This elegant waistband will make you stand out with its captivating design and intricate details.,"Add a touch of captivating elegance to your traditional look with the Captivating Elegance Ottiyanam, featuring a stunning design with intricate gold craftsmanship and sparkling stones that exudes sophistication and glamour.",,,taxable,,1,100,,0,0,140.61,,,,1,,,,"All, All > Gold > Ottiyanam, All > Gold, Hot products, Hot products > New products",22kt,,"https://thiaworld.com/wp-content/uploads/2023/09/TW_GOM_BBS_1M-31.webp,https://thiaworld.com/wp-content/uploads/2023/09/TW_GOM_BBS_2M-31.webp,https://thiaworld.com/wp-content/uploads/2023/09/TW_GOM_BBS_3M-31.webp",,,,,,,,,0,Gold,22KT Gold,1,1,Value Added,23.80%,1,1,Discount,9.10%,1,1,GST,3%,1,1,,default,,,12,field_64388362b0faf,,field_643882cfb0fac
,simple,GOM_BBS_1M-1000-33,Antique Lakshmi Ottiyanam,1,0,visible,Antique Lakshmi Ottiyanam: This antique waistband is a timeless piece of jewelry that showcases the beauty of Lakshmi.,"Add a touch of vintage charm to your ethnic look with the Antique Lakshmi Ottiyanam, featuring a beautiful Lakshmi pendant and intricate gold detailing that exudes elegance and sophistication.",,,taxable,,1,100,,0,0,251.0,,,,1,,,,"All, All > Gold > Ottiyanam, All > Gold, Hot products, Hot products > New products",22kt,,"https://thiaworld.com/wp-content/uploads/2023/09/TW_GOM_BBS_1M-33.webp,https://thiaworld.com/wp-content/uploads/2023/09/TW_GOM_BBS_2M-33.webp,https://thiaworld.com/wp-content/uploads/2023/09/TW_GOM_BBS_3M-33.webp",,,,,,,,,0,Gold,22KT Gold,1,1,Value Added,23.80%,1,1,Discount,9.10%,1,1,GST,3%,1,1,,default,,,12,field_64388362b0faf,,field_643882cfb0fac
,simple,GOM_BBS_1M-1000-34,Timeless Traditional Ottiyanam,1,0,visible,Timeless Traditional Waistband: Embrace tradition with this timeless waistband that exudes classic elegance.,Timeless Traditional Waistband: Embrace tradition with the classic elegance of timeless Ottiyanam.,,,taxable,,1,100,,0,0,260.0,,,,1,,,,"All, All > Gold > Ottiyanam, All > Gold, Hot products, Hot products > New products",22kt,,"https://thiaworld.com/wp-content/uploads/2023/09/TW_GOM_BBS_1M-34.webp,https://thiaworld.com/wp-content/uploads/2023/09/TW_GOM_BBS_2M-34.webp,https://thiaworld.com/wp-content/uploads/2023/09/TW_GOM_BBS_3M-34.webp",,,,,,,,,0,Gold,22KT Gold,1,1,Value Added,23.80%,1,1,Discount,9.10%,1,1,GST,3%,1,1,,default,,,12,field_64388362b0faf,,field_643882cfb0fac
,simple,GOM_BBS_1M-1000-35,Auspicious Lakshmi Ottiyanam,1,0,visible,"This auspicious gold ottiyanam features a Lakshmi motif design, representing good fortune, prosperity, and purity, perfect for adding a touch of traditional charm to any bridal outfit.","Add a touch of divine beauty to your traditional look with the Auspicious Lakshmi Ottiyanam, featuring a stunning Lakshmi pendant and intricate gold craftsmanship that exudes elegance and sophistication.",,,taxable,,1,100,,0,0,274.0,,,,1,,,,"All, All > Gold > Ottiyanam, All > Gold, Hot products, Hot products > New products",22kt,,"https://thiaworld.com/wp-content/uploads/2023/09/TW_GOM_BBS_1M-35.webp,https://thiaworld.com/wp-content/uploads/2023/09/TW_GOM_BBS_2M-35.webp,https://thiaworld.com/wp-content/uploads/2023/09/TW_GOM_BBS_3M-35.webp",,,,,,,,,0,Gold,22KT Gold,1,1,Value Added,23.80%,1,1,Discount,9.10%,1,1,GST,3%,1,1,,default,,,12,field_64388362b0faf,,field_643882cfb0fac
,simple,GOM_BBS_1M-1000-36,Gajalakshmi Baby Ottiyanam,1,0,visible,"Celebrate the beauty of motherhood with the Gajalakshmi Baby Ottiyanam, featuring a charming design with a baby Ganesha and Lakshmi on either side, and intricate gold detailing that adds a touch of traditional elegance to your ethnic attire.","This adorable baby ottiyanam features a Gajalakshmi design, symbolizing good luck, prosperity, and fertility, perfect for a traditional and auspicious baby shower or naming ceremony.",,,taxable,,1,100,,0,0,73.47,,,,1,,,,"All, All > Gold > Ottiyanam, All > Gold, Hot products, Hot products > New products",22kt,,"https://thiaworld.com/wp-content/uploads/2023/09/TW_GOM_BBS_1M-36.webp,https://thiaworld.com/wp-content/uploads/2023/09/TW_GOM_BBS_2M-36.webp,https://thiaworld.com/wp-content/uploads/2023/09/TW_GOM_BBS_3M-36.webp",,,,,,,,,0,Gold,22KT Gold,1,1,Value Added,23.80%,1,1,Discount,8.10%,1,1,GST,3%,1,1,,default,,,12,field_64388362b0faf,,field_643882cfb0fac
,simple,GOM_BBS_1M-1000-37,Antique Peacock Ottiyanam,1,0,visible,"This beautiful gold ottiyanam features an antique peacock design, symbolizing beauty, grace, and elegance, perfect for adding a touch of traditional charm to any bridal ensemble.","Add a touch of vintage charm to your traditional look with the Antique Peacock Ottiyanam, featuring a beautiful peacock design and intricate gold detailing that exudes elegance and sophistication.",,,taxable,,1,100,,0,0,191.68,,,,1,,,,"All, All > Gold > Ottiyanam, All > Gold, Hot products, Hot products > New products",22kt,,"https://thiaworld.com/wp-content/uploads/2023/09/TW_GOM_BBS_1M-37.webp,https://thiaworld.com/wp-content/uploads/2023/09/TW_GOM_BBS_2M-37.webp,https://thiaworld.com/wp-content/uploads/2023/09/TW_GOM_BBS_3M-37.webp",,,,,,,,,0,Gold,22KT Gold,1,1,Value Added,23.80%,1,1,Discount,9.10%,1,1,GST,3%,1,1,,default,,,12,field_64388362b0faf,,field_643882cfb0fac
,simple,GOM_BBS_1M-1000-38,Lakshmi Ottiyanam,1,0,visible,"This exquisite gold ottiyanam features a Lakshmi motif design, representing good fortune, prosperity, and purity, perfect for a traditional and auspicious bridal look.","Invoke the blessings of the goddess of wealth and prosperity with the Lakshmi Ottiyanam, featuring a stunning Lakshmi pendant and intricate gold craftsmanship that adds a touch of traditional elegance to your ethnic attire.",,,taxable,,1,100,,0,0,234.84,,,,1,,,,"All, All > Gold > Ottiyanam, All > Gold, Hot products, Hot products > New products",22kt,,"https://thiaworld.com/wp-content/uploads/2023/09/TW_GOM_BBS_1M-38.webp,https://thiaworld.com/wp-content/uploads/2023/09/TW_GOM_BBS_2M-38.webp,https://thiaworld.com/wp-content/uploads/2023/09/TW_GOM_BBS_3M-38.webp",,,,,,,,,0,Gold,22KT Gold,1,1,Value Added,23.80%,1,1,Discount,8.10%,1,1,GST,3%,1,1,,default,,,12,field_64388362b0faf,,field_643882cfb0fac
,simple,GOM_BBS_1M-1000-39,Traditional Yet Stylish Ottiyanam,1,0,visible,Add a touch of tradition to your wardrobe with this handcrafted piece.,Elevate your ethnic attire with  Artisanal Ottiyanam - A beautifully handcrafted piece that adds a touch of elegance to your look.,,,taxable,,1,100,,0,0,232.82,,,,1,,,,"All, All > Gold > Ottiyanam, All > Gold, Hot products, Hot products > New products",22kt,,"https://thiaworld.com/wp-content/uploads/2023/09/TW_GOM_BBS_1M-39.webp,https://thiaworld.com/wp-content/uploads/2023/09/TW_GOM_BBS_2M-39.webp,https://thiaworld.com/wp-content/uploads/2023/09/TW_GOM_BBS_3M-39.webp",,,,,,,,,0,Gold,22KT Gold,1,1,Value Added,23.80%,1,1,Discount,9.10%,1,1,GST,3%,1,1,,default,,,12,field_64388362b0faf,,field_643882cfb0fac
,simple,GOM_BBS_1M-1000-40,Artisanal Ottiyanam,1,0,visible,"This artisanal gold ottiyanam features handcrafted designs and motifs, showcasing the skill and creativity of traditional Indian artisans, perfect for adding a unique and personal touch to any bridal look.",Add a touch of exotic charm to your look with  Versatile Ottiyanam - A stunning piece of jewelry that can be worn as a waist ornament or necklace.,,,taxable,,1,100,,0,0,303.73,,,,1,,,,"All, All > Gold > Ottiyanam, All > Gold, Hot products, Hot products > New products",22kt,,"https://thiaworld.com/wp-content/uploads/2023/09/TW_GOM_BBS_1M-40.webp,https://thiaworld.com/wp-content/uploads/2023/09/TW_GOM_BBS_2M-40.webp,https://thiaworld.com/wp-content/uploads/2023/09/TW_GOM_BBS_3M-40.webp",,,,,,,,,0,Gold,22KT Gold,1,1,Value Added,23.80%,1,1,Discount,9.10%,1,1,GST,3%,1,1,,default,,,12,field_64388362b0faf,,field_643882cfb0fac
,simple,GOM_BBS_1M-1000-41,Exotic Gold Ottiyanam,1,0,visible,"This exotic gold ottiyanam features intricate designs and motifs, showcasing the beauty and craftsmanship of traditional Indian jewelry, perfect for adding a touch of luxury and elegance to any bridal ensemble.",Make a statement with Ottiyanam with Rich Look and Versatile Necklace - A luxurious accessory that adds glamour to any outfit.,,,taxable,,1,100,,0,0,291.45,,,,1,,,,"All, All > Gold > Ottiyanam, All > Gold, Hot products, Hot products > New products",22kt,,"https://thiaworld.com/wp-content/uploads/2023/09/TW_GOM_BBS_1M-41.webp,https://thiaworld.com/wp-content/uploads/2023/09/TW_GOM_BBS_2M-41.webp,https://thiaworld.com/wp-content/uploads/2023/09/TW_GOM_BBS_3M-41.webp",,,,,,,,,0,Gold,22KT Gold,1,1,Value Added,23.80%,1,1,Discount,9.10%,1,1,GST,3%,1,1,,default,,,12,field_64388362b0faf,,field_643882cfb0fac
,simple,GOM_BBS_1M-1000-42,Versatile Ottiyanam,1,0,visible,Add a touch of elegance to your look with this versatile piece of jewelry.,Versatile Ottiyanam is the perfect accessory for any occasion - Wear it as a waistband or necklace to add a touch of elegance to your look.,,,taxable,,1,100,,0,0,136.63,,,,1,,,,"All, All > Gold > Ottiyanam, All > Gold, Hot products, Hot products > New products",22kt,,"https://thiaworld.com/wp-content/uploads/2023/09/TW_GOM_BBS_1M-42.webp,https://thiaworld.com/wp-content/uploads/2023/09/TW_GOM_BBS_2M-42.webp,https://thiaworld.com/wp-content/uploads/2023/09/TW_GOM_BBS_3M-42.webp",,,,,,,,,0,Gold,22KT Gold,1,1,Value Added,23.70%,1,1,Discount,8.70%,1,1,GST,3%,1,1,,default,,,12,field_64388362b0faf,,field_643882cfb0fac
,simple,GOM_BBS_1M-1000-43,Luxurious Lakshmi Ottiyanam,1,0,visible,"This luxurious gold ottiyanam features a Lakshmi motif design, symbolizing prosperity and good luck, perfect for adding a touch of traditional elegance to any bridal ensemble.","Embrace traditional charm with the Luxurious Lakshmi Ottiyanam, featuring an exquisite Lakshmi pendant and intricate gold detailing that adds a touch of timeless elegance to your ethnic attire.",,,taxable,,1,100,,0,0,159.13,,,,1,,,,"All, All > Gold > Ottiyanam, All > Gold, Hot products, Hot products > New products",22kt,,"https://thiaworld.com/wp-content/uploads/2023/09/TW_GOM_BBS_1M-43.webp,https://thiaworld.com/wp-content/uploads/2023/09/TW_GOM_BBS_2M-43.webp,https://thiaworld.com/wp-content/uploads/2023/09/TW_GOM_BBS_3M-43.webp",,,,,,,,,0,Gold,22KT Gold,1,1,Value Added,23.70%,1,1,Discount,8.70%,1,1,GST,3%,1,1,,default,,,12,field_64388362b0faf,,field_643882cfb0fac
,simple,GOM_BBS_1M-1000-44,Radiant Eminent Gold Ottiyanam,1,0,visible,"This radiant gold ottiyanam features an eminent design, showcasing intricate details and adding a touch of regal elegance to any traditional bridal look.","Add a touch of regal elegance to your traditional look with the Radiant Eminent Gold Ottiyanam, featuring a stunning design with shimmering stones and intricate gold craftsmanship that exudes timeless glamour and sophistication.",,,taxable,,1,100,,0,0,90.92,,,,1,,,,"All, All > Gold > Ottiyanam, All > Gold, Hot products, Hot products > New products",22kt,,"https://thiaworld.com/wp-content/uploads/2023/09/TW_GOM_BBS_1M-44.webp,https://thiaworld.com/wp-content/uploads/2023/09/TW_GOM_BBS_2M-44.webp,https://thiaworld.com/wp-content/uploads/2023/09/TW_GOM_BBS_3M-44.webp",,,,,,,,,0,Gold,22KT Gold,1,1,Value Added,23.70%,1,1,Discount,7.70%,1,1,GST,3%,1,1,,default,,,12,field_64388362b0faf,,field_643882cfb0fac
,simple,GOM_BBS_1M-1000-45,Antique Peacock Ottiyanam,1,0,visible,Add a touch of vintage charm to your attire with this exquisite piece of jewelry.,Antique Peacock Ottiyanam is a stunning piece of jewelry that showcases intricate design and craftsmanship - Perfect for those who appreciate vintage charm.,,,taxable,,1,100,,0,0,188.73,,,,1,,,,"All, All > Gold > Ottiyanam, All > Gold, Hot products, Hot products > New products",22kt,,"https://thiaworld.com/wp-content/uploads/2023/09/TW_GOM_BBS_1M-45.webp,https://thiaworld.com/wp-content/uploads/2023/09/TW_GOM_BBS_2M-45.webp,https://thiaworld.com/wp-content/uploads/2023/09/TW_GOM_BBS_3M-45.webp",,,,,,,,,0,Gold,22KT Gold,1,1,Value Added,23.70%,1,1,Discount,8.70%,1,1,GST,3%,1,1,,default,,,12,field_64388362b0faf,,field_643882cfb0fac
,simple,GOM_BBS_1M-1000-46,Royal Waist Ornament,1,0,visible,"This royal waist ornament, also known as a vaddanam, features intricate designs and motifs, showcasing the opulence and grandeur of traditional Indian jewelry, perfect for adding a touch of regal elegance to any bridal ensemble.", Royal Waist Ottiyanam is a stunning piece of jewelry that exudes opulence and elegance - Perfect for those who want to make a statement.,,,taxable,,1,100,,0,0,184.48,,,,1,,,,"All, All > Gold > Ottiyanam, All > Gold, Hot products, Hot products > New products",22kt,,"https://thiaworld.com/wp-content/uploads/2023/09/TW_GOM_BBS_1M-46.webp,https://thiaworld.com/wp-content/uploads/2023/09/TW_GOM_BBS_2M-46.webp,https://thiaworld.com/wp-content/uploads/2023/09/TW_GOM_BBS_3M-46.webp",,,,,,,,,0,Gold,22KT Gold,1,1,Value Added,23.70%,1,1,Discount,8.70%,1,1,GST,3%,1,1,,default,,,12,field_64388362b0faf,,field_643882cfb0fac
,simple,GOM_BBS_1M-1000-47,Swinging Lakshmi Ottiyanam,1,0,visible,"This swinging Lakshmi ottiyanam features a beautiful and intricate design with a swinging pendant, symbolizing good fortune, prosperity, and purity, perfect for adding a touch of traditional charm and elegance to any bridal look.",Swinging LakshmiOttiyanam is a beautifully crafted waistband that showcases the goddess of wealth and prosperity - A must-have accessory for those who appreciate divine symbolism.,,,taxable,,1,100,,0,0,296.55,,,,1,,,,"All, All > Gold > Ottiyanam, All > Gold, Hot products, Hot products > New products",22kt,,"https://thiaworld.com/wp-content/uploads/2023/09/TW_GOM_BBS_1M-47.webp,https://thiaworld.com/wp-content/uploads/2023/09/TW_GOM_BBS_2M-47.webp,https://thiaworld.com/wp-content/uploads/2023/09/TW_GOM_BBS_3M-47.webp",,,,,,,,,0,Gold,22KT Gold,1,1,Value Added,23.70%,1,1,Discount,8.70%,1,1,GST,3%,1,1,,default,,,12,field_64388362b0faf,,field_643882cfb0fac
,simple,GOM_BBS_1M-1000-48,Trendy Lakshmi Ottiyanam,1,0,visible,"This trendy Lakshmi ottiyanam features a contemporary design with a Lakshmi motif, perfect for modern brides looking to add a touch of traditional charm to their bridal ensemble.",Trendy Lakshmi Ottiyanam is the perfect accessory for those who want to add a touch of fashion and style to their ethnic attire - A must-have for any trendy wardrobe.,,,taxable,,1,100,,0,0,257.6,,,,1,,,,"All, All > Gold > Ottiyanam, All > Gold, Hot products, Hot products > New products",22kt,,"https://thiaworld.com/wp-content/uploads/2023/09/TW_GOM_BBS_1M-48.webp,https://thiaworld.com/wp-content/uploads/2023/09/TW_GOM_BBS_2M-48.webp,https://thiaworld.com/wp-content/uploads/2023/09/TW_GOM_BBS_3M-48.webp",,,,,,,,,0,Gold,22KT Gold,1,1,Value Added,23.70%,1,1,Discount,8.70%,1,1,GST,3%,1,1,,default,,,12,field_64388362b0faf,,field_643882cfb0fac
,simple,GOM_BBS_1M-1000-49,Divine Gajalakshmi Ottiyanam,1,0,visible,"This divine Gajalakshmi ottiyanam features a depiction of the goddess Lakshmi with two elephants, symbolizing good fortune, wealth, and fertility, perfect for a traditional and auspicious bridal look.",Divine GajalakshmiOttiyanam is a stunning piece of jewelry that showcases the goddess of wealth and prosperity - Perfect for those who appreciate divine symbolism.,,,taxable,,1,100,,0,0,229.9,,,,1,,,,"All, All > Gold > Ottiyanam, All > Gold, Hot products, Hot products > New products",22kt,,"https://thiaworld.com/wp-content/uploads/2023/09/TW_GOM_BBS_1M-49.webp,https://thiaworld.com/wp-content/uploads/2023/09/TW_GOM_BBS_2M-49.webp,https://thiaworld.com/wp-content/uploads/2023/09/TW_GOM_BBS_3M-49.webp",,,,,,,,,0,Gold,22KT Gold,1,1,Value Added,23.70%,1,1,Discount,8.70%,1,1,GST,3%,1,1,,default,,,12,field_64388362b0faf,,field_643882cfb0fac
,simple,GOM_BBS_1M-1000-50,Traditional Lakshmi Ottiyanam,1,0,visible,"This traditional Lakshmi ottiyanam features a classic and timeless design with intricate details and a Lakshmi motif, perfect for a bride who wants to embrace the richness and cultural heritage of traditional Indian jewelry.","Embrace the essence of traditional beauty with the Traditional Lakshmi Ottiyanam, featuring a stunning Lakshmi pendant and intricate gold detailing that exudes timeless elegance and charm.",,,taxable,,1,100,,0,0,143.3,,,,1,,,,"All, All > Gold > Ottiyanam, All > Gold, Hot products, Hot products > New products",22kt,,"https://thiaworld.com/wp-content/uploads/2023/09/TW_GOM_BBS_1M-50.webp,https://thiaworld.com/wp-content/uploads/2023/09/TW_GOM_BBS_2M-50.webp,https://thiaworld.com/wp-content/uploads/2023/09/TW_GOM_BBS_3M-50.webp",,,,,,,,,0,Gold,22KT Gold,1,1,Value Added,23.70%,1,1,Discount,8.70%,1,1,GST,3%,1,1,,default,,,12,field_64388362b0faf,,field_643882cfb0fac
,simple,GOM_BBS_1M-1000-51,Antique  Peafowl Ottiyanam,1,0,visible,"This antique peafowl ottiyanam features a beautiful and intricate design inspired by the majestic peacock, symbolizing beauty, grace, and royalty, perfect for adding a vintage touch to a bridal ensemble.", Antique Peafowl Ottiyanam is a stunning piece of jewelry that showcases intricate design and craftsmanship - Perfect for those who appreciate vintage charm.,,,taxable,,1,100,,0,0,146.06,,,,1,,,,"All, All > Gold > Ottiyanam, All > Gold, Hot products, Hot products > New products",22kt,,"https://thiaworld.com/wp-content/uploads/2023/09/TW_GOM_BBS_1M-51.webp,https://thiaworld.com/wp-content/uploads/2023/09/TW_GOM_BBS_2M-51.webp,https://thiaworld.com/wp-content/uploads/2023/09/TW_GOM_BBS_3M-51.webp",,,,,,,,,0,Gold,22KT Gold,1,1,Value Added,23.70%,1,1,Discount,8.70%,1,1,GST,3%,1,1,,default,,,12,field_64388362b0faf,,field_643882cfb0fac
,simple,GOM_BBS_1M-1000-52,Shiny Annapakshi Ottiyanam,1,0,visible,"This shiny Annapakshi ottiyanam features a bird motif that is often associated with purity and devotion, making it a popular choice for bridal wear, particularly in South India. The intricate and sparkling design is perfect for adding an elegant touch to a traditional bridal look.",Shiny Annapakshi Ottiyanam is a beautifully crafted accessory that will make your little one stand out - Perfect for special occasions and family events.,,,taxable,,1,100,,0,0,61.41,,,,1,,,,"All, All > Gold > Ottiyanam, All > Gold, Hot products, Hot products > New products",22kt,,"https://thiaworld.com/wp-content/uploads/2023/09/TW_GOM_BBS_1M-52.webp,https://thiaworld.com/wp-content/uploads/2023/09/TW_GOM_BBS_2M-52.webp,https://thiaworld.com/wp-content/uploads/2023/09/TW_GOM_BBS_3M-52.webp",,,,,,,,,0,Gold,22KT Gold,1,1,Value Added,23.90%,1,1,Discount,8.80%,1,1,GST,3%,1,1,,default,,,12,field_64388362b0faf,,field_643882cfb0fac
,simple,GOM_BBS_1M-1000-53,Rustic Gajalakshmi Ottiyanam,1,0,visible,"This rustic Gajalakshmi ottiyanam features an antique finish and intricate details that lend it a traditional and timeless look. The depiction of Goddess Lakshmi is considered auspicious and brings prosperity, making this waist ornament a popular choice for bridal wear in South India.",Rustic Gajalakshmi Ottiyanam is a stunning piece of jewelry that showcases expert craftsmanship and high-quality diamonds - Perfect for those who appreciate luxury and glamour.,,,taxable,,1,100,,0,0,118.65,,,,1,,,,"All, All > Gold > Ottiyanam, All > Gold, Hot products, Hot products > New products",22kt,,"https://thiaworld.com/wp-content/uploads/2023/09/TW_GOM_BBS_1M-53.webp,https://thiaworld.com/wp-content/uploads/2023/09/TW_GOM_BBS_2M-53.webp,https://thiaworld.com/wp-content/uploads/2023/09/TW_GOM_BBS_3M-53.webp",,,,,,,,,0,Gold,22KT Gold,1,1,Value Added,23.90%,1,1,Discount,8.80%,1,1,GST,3%,1,1,,default,,,12,field_64388362b0faf,,field_643882cfb0fac
,simple,GOM_BBS_1M-1000-54,Sacred Gajalakshmi Ottiyanam,1,0,visible,"The sacred Gajalakshmi ottiyanam is a waist ornament featuring a beautifully crafted depiction of Goddess Lakshmi, surrounded by elephants on either side. Considered highly auspicious, this traditional piece is often worn during weddings and other special occasions in South India.",Sacred Gajalakshmi Ottiyanam is a stunning piece of jewelry that showcases the goddess of wealth and prosperity - Perfect for those who appreciate divine symbolism.,,,taxable,,1,100,,0,0,159.15,,,,1,,,,"All, All > Gold > Ottiyanam, All > Gold, Hot products, Hot products > New products",22kt,,"https://thiaworld.com/wp-content/uploads/2023/09/TW_GOM_BBS_1M-54.webp,https://thiaworld.com/wp-content/uploads/2023/09/TW_GOM_BBS_2M-54.webp,https://thiaworld.com/wp-content/uploads/2023/09/TW_GOM_BBS_3M-54.webp",,,,,,,,,0,Gold,22KT Gold,1,1,Value Added,23.90%,1,1,Discount,8.80%,1,1,GST,3%,1,1,,default,,,12,field_64388362b0faf,,field_643882cfb0fac
,simple,GOM_BBS_1M-1000-55,Thiru Mayil Ottiyanam,1,0,visible,"Thiru Mayil Ottiyanam is a traditional waist ornament, popularly worn in South India, which features a beautifully crafted depiction of a peacock. Known for its intricate design and detailing, this ottiyanam is often worn during weddings and other auspicious occasions as a symbol of grace and beauty.",Thiru Mayil Ottiyanam is a stunning piece of jewelry that showcases intricate design and craftsmanship - Perfect for those who appreciate traditional charm.,,,taxable,,1,100,,0,0,170.22,,,,1,,,,"All, All > Gold > Ottiyanam, All > Gold, Hot products, Hot products > New products",22kt,,"https://thiaworld.com/wp-content/uploads/2023/09/TW_GOM_BBS_1M-55.webp,https://thiaworld.com/wp-content/uploads/2023/09/TW_GOM_BBS_2M-55.webp,https://thiaworld.com/wp-content/uploads/2023/09/TW_GOM_BBS_3M-55.webp",,,,,,,,,0,Gold,22KT Gold,1,1,Value Added,23.90%,1,1,Discount,8.80%,1,1,GST,3%,1,1,,default,,,12,field_64388362b0faf,,field_643882cfb0fac
,simple,GOM_BBS_1M-1000-56,Lakshmi Ottiyanam,1,0,visible,Lakshmi Ottiyanam is a traditional waist ornament worn by women in South India during weddings and other auspicious occasions.,Lakshmi Ottiyanam is a stunning piece of jewelry that showcases the goddess of wealth and prosperity - Perfect for those who appreciate divine symbolism.,,,taxable,,1,100,,0,0,122.05,,,,1,,,,"All, All > Gold > Ottiyanam, All > Gold, Hot products, Hot products > New products",22kt,,"https://thiaworld.com/wp-content/uploads/2023/09/TW_GOM_BBS_1M-56.webp,https://thiaworld.com/wp-content/uploads/2023/09/TW_GOM_BBS_2M-56.webp,https://thiaworld.com/wp-content/uploads/2023/09/TW_GOM_BBS_3M-56.webp",,,,,,,,,0,Gold,22KT Gold,1,1,Value Added,23.90%,1,1,Discount,8.80%,1,1,GST,3%,1,1,,default,,,12,field_64388362b0faf,,field_643882cfb0fac
,simple,GOM_BBS_1M-1000-57,Engraved Ottiyanam,1,0,visible,"Engraved Ottiyanam is a type of traditional South Indian waist ornament, typically made of gold, that features intricate engravings or carvings of traditional motifs and designs.",Engraved Ottiyanam is a beautifully crafted piece of jewelry that can be personalized to make it uniquely yours - Perfect for those who appreciate personalized touches.,,,taxable,,1,100,,0,0,88.25,,,,1,,,,"All, All > Gold > Ottiyanam, All > Gold, Hot products, Hot products > New products",22kt,,"https://thiaworld.com/wp-content/uploads/2023/09/TW_GOM_BBS_1M-57.webp,https://thiaworld.com/wp-content/uploads/2023/09/TW_GOM_BBS_2M-57.webp,https://thiaworld.com/wp-content/uploads/2023/09/TW_GOM_BBS_3M-57.webp",,,,,,,,,0,Gold,22KT Gold,1,1,Value Added,23.90%,1,1,Discount,7.80%,1,1,GST,3%,1,1,,default,,,12,field_64388362b0faf,,field_643882cfb0fac
,simple,GOM_BBS_1M-1000-58,Peacock Feather Ottiyanam,1,0,visible,Peacock Feather Ottiyanam is a waist ornament made of gold and designed with intricate peacock feather motifs.,Feather Ottiyanam is a stunning piece of jewelry that showcases intricate design and exotic charm - Perfect for those who appreciate unique and exotic jewelry.,,,taxable,,1,100,,0,0,166.68,,,,1,,,,"All, All > Gold > Ottiyanam, All > Gold, Hot products, Hot products > New products",22kt,,"https://thiaworld.com/wp-content/uploads/2023/09/TW_GOM_BBS_1M-58.webp,https://thiaworld.com/wp-content/uploads/2023/09/TW_GOM_BBS_2M-58.webp,https://thiaworld.com/wp-content/uploads/2023/09/TW_GOM_BBS_3M-58.webp",,,,,,,,,0,Gold,22KT Gold,1,1,Value Added,23.90%,1,1,Discount,8.80%,1,1,GST,3%,1,1,,default,,,12,field_64388362b0faf,,field_643882cfb0fac
,simple,GOM_BBS_1M-1000-59,Bedazzled Gajalakshmi Ottiyanam,1,0,visible,Add a touch of divine sparkle to your waistline with this bedazzled Gajalakshmi waistband - Shop at Thiaworld!,Bedazzled Gajalakshmi Ottiyanam is a stunning piece of jewelry that showcases the goddess of wealth and prosperity with added sparkle - Perfect for those who appreciate divine symbolism with a touch of glamour.,,,taxable,,1,100,,0,0,156.8,,,,1,,,,"All, All > Gold > Ottiyanam, All > Gold, Hot products, Hot products > New products",22kt,,"https://thiaworld.com/wp-content/uploads/2023/09/TW_GOM_BBS_1M-59.webp,https://thiaworld.com/wp-content/uploads/2023/09/TW_GOM_BBS_2M-59.webp,https://thiaworld.com/wp-content/uploads/2023/09/TW_GOM_BBS_3M-59.webp",,,,,,,,,0,Gold,22KT Gold,1,1,Value Added,23.90%,1,1,Discount,8.80%,1,1,GST,3%,1,1,,default,,,12,field_64388362b0faf,,field_643882cfb0fac
,simple,GOM_BBS_1M-1000-60,Bejeweled Mayura Ottiyanam,1,0,visible,"""Bejeweled Mayura Ottiyanam"" refers to a waist ornament or belt, usually made of gold and adorned with precious gemstones, that is designed in the shape of a peacock, a bird known for its beauty and elegance.",Bejeweled Mayura Ottiyanam is a beautifully crafted piece of jewelry that showcases intricate design and a touch of elegance - Perfect for those who appreciate sophisticated and refined jewelry.,,,taxable,,1,100,,0,0,159.87,,,,1,,,,"All, All > Gold > Ottiyanam, All > Gold, Hot products, Hot products > New products",22kt,,"https://thiaworld.com/wp-content/uploads/2023/09/TW_GOM_BBS_1M-60.webp,https://thiaworld.com/wp-content/uploads/2023/09/TW_GOM_BBS_2M-60.webp,https://thiaworld.com/wp-content/uploads/2023/09/TW_GOM_BBS_3M-60.webp",,,,,,,,,0,Gold,22KT Gold,1,1,Value Added,23.90%,1,1,Discount,8.80%,1,1,GST,3%,1,1,,default,,,12,field_64388362b0faf,,field_643882cfb0fac
,simple,GOM_BBS_1M-1000-61,Peacock and Annapakshi Ottiyanam,1,0,visible,"Peacock and Annapakshi Ottiyanam is a type of waist ornament traditionally worn by Indian women, featuring intricate designs of peacocks and annapakshi birds.",Peacock and Annapakshi Ottiyanam is a stunning piece of jewelry that showcases the beauty of nature with intricate design - Perfect for those who appreciate nature-inspired jewelry.,,,taxable,,1,100,,0,0,166.04,,,,1,,,,"All, All > Gold > Ottiyanam, All > Gold, Hot products, Hot products > New products",22kt,,"https://thiaworld.com/wp-content/uploads/2023/09/TW_GOM_BBS_1M-61.webp,https://thiaworld.com/wp-content/uploads/2023/09/TW_GOM_BBS_2M-61.webp,https://thiaworld.com/wp-content/uploads/2023/09/TW_GOM_BBS_3M-61.webp",,,,,,,,,0,Gold,22KT Gold,1,1,Value Added,23.90%,1,1,Discount,8.80%,1,1,GST,3%,1,1,,default,,,12,field_64388362b0faf,,field_643882cfb0fac
,simple,GOM_BBS_1M-1000-62,Dancing Peacock Ottiyanam,1,0,visible,"The Dancing Peacock Ottiyanam is a waist ornament typically made of gold and adorned with intricate peacock-inspired designs, often with dangling gold chains and embellishments.",Dancing Peacock Ottiyanam is a beautifully crafted piece of jewelry that showcases the grace and movement of a dancing peacock - Perfect for those who appreciate jewelry that tells a story.,,,taxable,,1,100,,0,0,113.82,,,,1,,,,"All, All > Gold > Ottiyanam, All > Gold, Hot products, Hot products > New products",22kt,,"https://thiaworld.com/wp-content/uploads/2023/09/TW_GOM_BBS_1M-62.webp,https://thiaworld.com/wp-content/uploads/2023/09/TW_GOM_BBS_2M-62.webp,https://thiaworld.com/wp-content/uploads/2023/09/TW_GOM_BBS_3M-62.webp",,,,,,,,,0,Gold,22KT Gold,1,1,Value Added,23.50%,1,1,Discount,8.20%,1,1,GST,3%,1,1,,default,,,12,field_64388362b0faf,,field_643882cfb0fac
,simple,GOM_BBS_1M-1000-63,Ornate Annapakshi Ottiyanam,1,0,visible,"Ornate Annapakshi Ottiyanam is a traditional waist ornament from South India, featuring intricate designs of the mythological bird Annapakshi, and often studded with precious gems.",Ornate Annapakshi Ottiyanam is a stunning piece of jewelry that showcases intricate design and beauty - Perfect for those who appreciate detailed and ornate jewelry.,,,taxable,,1,100,,0,0,211.92,,,,1,,,,"All, All > Gold > Ottiyanam, All > Gold, Hot products, Hot products > New products",22kt,,"https://thiaworld.com/wp-content/uploads/2023/09/TW_GOM_BBS_1M-63.webp,https://thiaworld.com/wp-content/uploads/2023/09/TW_GOM_BBS_2M-63.webp,https://thiaworld.com/wp-content/uploads/2023/09/TW_GOM_BBS_3M-63.webp",,,,,,,,,0,Gold,22KT Gold,1,1,Value Added,23.50%,1,1,Discount,8.20%,1,1,GST,3%,1,1,,default,,,12,field_64388362b0faf,,field_643882cfb0fac
,simple,GOM_BBS_1M-1000-64,Tiny Oddiyanam with Lakshmi Motifs,1,0,visible,"Embrace traditional charm and auspicious beauty with the Tiny Oddiyanam adorned with intricate Lakshmi motifs, a symbol of prosperity and grace.","Discover the beauty of our Tiny Oddiyanam with Lakshmi Motifs, a delicately designed waist belt adorned with intricate Lakshmi motifs. This traditional piece exudes timeless elegance, making it a perfect addition to your ethnic attire for special occasions. Embrace the divine blessings and add a touch of cultural heritage to your style with this exquisite jewelry.",,,taxable,,1,100,,0,0,116.51,,,,1,,,,"All, All > Gold > Ottiyanam, All > Gold, Hot products, Hot products > New products",22kt,,"https://thiaworld.com/wp-content/uploads/2023/09/TW_GOM_BBS_1M-64.webp,https://thiaworld.com/wp-content/uploads/2023/09/TW_GOM_BBS_2M-64.webp,https://thiaworld.com/wp-content/uploads/2023/09/TW_GOM_BBS_3M-64.webp",,,,,,,,,0,Gold,22KT Gold,1,1,Value Added,23.50%,1,1,Discount,8.20%,1,1,GST,3%,1,1,,default,,,12,field_64388362b0faf,,field_643882cfb0fac
